{"cameraMode":{"drawMode":0,"name":"Shaded","section":"Shading Mode"},"sceneLighting":true,"audioPlay":false,"sceneViewState":{"m_AlwaysRefresh":false,"showFog":true,"showSkybox":true,"showFlares":true,"showImageEffects":true,"showParticleSystems":true,"showVisualEffectGraphs":true,"m_FxEnabled":true},"in2DMode":false,"pivot":{"x":-1.5387567281723023,"y":26.20172119140625,"z":-35.600669860839847},"rotation":{"x":-0.39831745624542239,"y":-0.02284151501953602,"z":0.00991039164364338,"w":-0.9169231057167053},"size":12.026446342468262,"orthographic":false}