{"cameraMode":{"drawMode":0,"name":"Shaded","section":"Shading Mode"},"sceneLighting":true,"audioPlay":false,"sceneViewState":{"m_AlwaysRefresh":false,"showFog":true,"showSkybox":false,"showFlares":true,"showImageEffects":true,"showParticleSystems":true,"showVisualEffectGraphs":true,"m_FxEnabled":true},"in2DMode":false,"pivot":{"x":-2.585162401199341,"y":-1.7373236417770386,"z":-9.009160041809082},"rotation":{"x":0.0012502081226557494,"y":0.9410032629966736,"z":-0.33850303292274477,"w":0.00339802005328238},"size":12.12435531616211,"orthographic":false}