{"cameraMode":{"drawMode":0,"name":"Shaded","section":"Shading Mode"},"sceneLighting":false,"audioPlay":false,"sceneViewState":{"m_AlwaysRefresh":false,"showFog":true,"showSkybox":false,"showFlares":true,"showImageEffects":true,"showParticleSystems":true,"showVisualEffectGraphs":true,"m_FxEnabled":true},"in2DMode":false,"pivot":{"x":0.7482832670211792,"y":2.61173415184021,"z":-1.056246280670166},"rotation":{"x":0.11248540133237839,"y":-0.16465803980827332,"z":0.018911048769950868,"w":0.9797501564025879},"size":0.9550991654396057,"orthographic":false}